{
    "loss": 5.939515113830566,
    "accuracy": 0.5035971403121948
}