{
    "loss": 5.723592281341553,
    "accuracy": 0.5035971403121948
}