{
    "loss": 17.405351638793945,
    "accuracy": 0.48201438784599304
}